round,version,mode,size,nodes,edges,iterations,mean_ms,p50_ms,p95_ms,p99_ms,max_ms,clusters,merged,adjacent_pairs,assigned_nodes,reused_connectivity,scanned_connectivity_nodes,min_planarity,checksum
1,baseline,steady,1,2760,5344,500,0.246073,0.230522,0.327343,0.404728,0.470461,4,0,0,2760,0,0,0.666203,1382000
1,current,steady,1,2760,5344,500,0.257239,0.236944,0.37862,0.434183,0.470571,4,0,0,2760,4,0,0.666203,1382000
1,baseline,steady,4,11040,21376,500,1.169578,1.087879,1.677252,1.939824,2.552322,16,0,0,11040,0,0,0.666203,5528000
1,current,steady,4,11040,21376,500,1.07492,1.014841,1.442423,1.986331,2.980915,16,0,0,11040,16,0,0.666203,5528000
1,baseline,birth,1,2760,5344,500,0.208264,0.194956,0.287969,0.3468,0.419105,0,0,0,0,0,0,1,0
1,current,birth,1,2760,5344,500,0.272964,0.252042,0.353071,0.395231,0.481091,0,0,0,0,0,2760,1,0
1,baseline,birth,4,11040,21376,500,0.911674,0.855913,1.182245,1.298844,1.607762,0,0,0,0,0,0,1,0
1,current,birth,4,11040,21376,500,0.999127,0.937747,1.254421,1.543411,1.609084,0,0,0,0,0,11040,1,0
1,baseline,merge,9,2916,5724,500,0.403577,0.383518,0.534251,0.586399,0.696856,1,80,144,2916,0,0,1,1458500
1,current,merge,9,2916,5724,500,0.381482,0.3736,0.438431,0.473056,0.527308,1,80,144,2916,81,0,1,1458500
1,baseline,merge,17,10404,20604,500,1.256736,1.217962,1.499499,1.744678,2.093192,1,288,544,10404,0,0,1,5202500
1,current,merge,17,10404,20604,500,1.305052,1.197323,1.872468,2.286113,2.633163,1,288,544,10404,289,0,1,5202500
1,baseline,reject,9,2916,5724,500,0.382459,0.354724,0.558977,0.67244,0.711583,81,0,144,2916,0,0,0.999999,1498500
1,current,reject,9,2916,5724,500,0.421457,0.391794,0.613078,0.670265,0.727262,81,0,144,2916,81,0,0.999999,1498500
1,baseline,reject,17,10404,20604,500,1.464909,1.280699,2.33784,2.941601,4.556147,289,0,544,10404,0,0,0.999999,5346500
1,current,reject,17,10404,20604,500,3.155392,2.702934,8.245659,9.296988,9.625304,289,0,544,10404,289,0,0.999999,5346500
1,baseline,chain,81,2916,5340,500,1.390534,1.239773,2.696182,3.02104,3.223119,27,54,80,2916,0,0,0.329179,1471500
1,current,chain,81,2916,5340,500,1.293058,1.35001,2.635878,2.774508,3.102963,27,54,80,2916,81,0,0.329179,1471500
1,baseline,chain,289,10404,19068,500,5.481661,5.519631,9.652825,10.470187,10.990141,97,192,288,10404,0,0,0.329178,5250500
1,current,chain,289,10404,19068,500,1.98838,1.295046,7.305728,8.892502,9.461007,97,192,288,10404,289,0,0.329178,5250500
1,baseline,dynamic,1,2760,5344,500,0.233861,0.220373,0.31476,0.374441,0.527258,4.15,0.03,0.03,2759.872,0,0,0.624695,1382011
1,current,dynamic,1,2760,5344,500,0.241144,0.230161,0.300683,0.359754,0.394439,4.15,0.03,0.03,2759.872,3.504,679.408,0.624695,1382011
1,baseline,dynamic,4,11040,21376,500,0.989853,0.937697,1.31312,1.571895,1.775677,16.6,0.12,0.12,11039.872,0,0,0.624695,5528236
1,current,dynamic,4,11040,21376,500,1.062265,0.966501,1.561666,2.167471,3.065234,16.6,0.12,0.12,11039.872,14.106,2537.728,0.624695,5528236
2,current,steady,1,2760,5344,500,0.227649,0.222276,0.256511,0.296185,0.387566,4,0,0,2760,4,0,0.666203,1382000
2,baseline,steady,1,2760,5344,500,0.217779,0.213721,0.243506,0.269084,0.335759,4,0,0,2760,0,0,0.666203,1382000
2,current,steady,4,11040,21376,500,0.913905,0.876883,1.121782,1.278856,1.357915,16,0,0,11040,16,0,0.666203,5528000
2,baseline,steady,4,11040,21376,500,0.952617,0.917208,1.177557,1.358916,1.647637,16,0,0,11040,0,0,0.666203,5528000
2,current,birth,1,2760,5344,500,0.219567,0.208651,0.2879,0.324989,0.417933,0,0,0,0,0,2760,1,0
2,baseline,birth,1,2760,5344,500,0.236879,0.222417,0.307586,0.41657,0.50142,0,0,0,0,0,0,1,0
2,current,birth,4,11040,21376,500,0.997908,0.967192,1.215738,1.418578,1.604867,0,0,0,0,0,11040,1,0
2,baseline,birth,4,11040,21376,500,1.087377,0.957313,1.673155,1.922642,2.723432,0,0,0,0,0,0,1,0
2,current,merge,9,2916,5724,500,0.423316,0.401382,0.570118,0.676217,0.822912,1,80,144,2916,81,0,1,1458500
2,baseline,merge,9,2916,5724,500,0.480566,0.437279,0.723205,0.855663,1.084432,1,80,144,2916,0,0,1,1458500
2,current,merge,17,10404,20604,500,1.309677,1.209516,1.890191,2.160058,2.692625,1,288,544,10404,289,0,1,5202500
2,baseline,merge,17,10404,20604,500,1.300451,1.223242,1.768935,2.142695,2.586015,1,288,544,10404,0,0,1,5202500
2,current,reject,9,2916,5724,500,0.321629,0.303769,0.409807,0.427191,0.460924,81,0,144,2916,81,0,0.999999,1498500
2,baseline,reject,9,2916,5724,500,0.295953,0.291626,0.324648,0.361818,0.441407,81,0,144,2916,0,0,0.999999,1498500
2,current,reject,17,10404,20604,500,1.199219,1.121882,1.687883,1.886324,2.624007,289,0,544,10404,289,0,0.999999,5346500
2,baseline,reject,17,10404,20604,500,1.204823,1.135868,1.532562,1.808789,2.563002,289,0,544,10404,0,0,0.999999,5346500
2,current,chain,81,2916,5340,500,0.339905,0.322213,0.425788,0.460593,0.530995,27,54,80,2916,81,0,0.329179,1471500
2,baseline,chain,81,2916,5340,500,0.322371,0.305112,0.430928,0.479829,0.557444,27,54,80,2916,0,0,0.329179,1471500
2,current,chain,289,10404,19068,500,1.415951,1.30749,2.132876,2.56167,3.403718,97,192,288,10404,289,0,0.329178,5250500
2,baseline,chain,289,10404,19068,500,1.286684,1.172106,1.853203,2.197418,2.557382,97,192,288,10404,0,0,0.329178,5250500
2,current,dynamic,1,2760,5344,500,0.231509,0.221485,0.287368,0.312826,0.423763,4.15,0.03,0.03,2759.872,3.504,679.408,0.624695,1382011
2,baseline,dynamic,1,2760,5344,500,0.248673,0.238236,0.309038,0.363651,0.498374,4.15,0.03,0.03,2759.872,0,0,0.624695,1382011
2,current,dynamic,4,11040,21376,500,1.029468,0.970058,1.335302,1.513746,2.002302,16.6,0.12,0.12,11039.872,14.106,2537.728,0.624695,5528236
2,baseline,dynamic,4,11040,21376,500,0.963186,0.915646,1.202554,1.304334,1.567608,16.6,0.12,0.12,11039.872,0,0,0.624695,5528236
3,baseline,steady,1,2760,5344,500,0.231324,0.224922,0.285916,0.348203,0.406401,4,0,0,2760,0,0,0.666203,1382000
3,current,steady,1,2760,5344,500,0.226493,0.223539,0.244188,0.279914,0.317745,4,0,0,2760,4,0,0.666203,1382000
3,baseline,steady,4,11040,21376,500,0.920642,0.890128,1.096945,1.25383,1.392279,16,0,0,11040,0,0,0.666203,5528000
3,current,steady,4,11040,21376,500,0.880524,0.857878,1.00849,1.190822,1.272935,16,0,0,11040,16,0,0.666203,5528000
3,baseline,birth,1,2760,5344,500,0.196078,0.190577,0.227195,0.277359,0.289863,0,0,0,0,0,0,1,0
3,current,birth,1,2760,5344,500,0.21082,0.203561,0.259957,0.30391,0.433643,0,0,0,0,0,2760,1,0
3,baseline,birth,4,11040,21376,500,0.847255,0.819987,0.986629,1.113637,1.223773,0,0,0,0,0,0,1,0
3,current,birth,4,11040,21376,500,0.881314,0.850484,1.012607,1.177166,1.391838,0,0,0,0,0,11040,1,0
3,baseline,merge,9,2916,5724,500,0.379659,0.370544,0.444944,0.508583,0.558427,1,80,144,2916,0,0,1,1458500
3,current,merge,9,2916,5724,500,0.377439,0.369352,0.427361,0.501159,0.599233,1,80,144,2916,81,0,1,1458500
3,baseline,merge,17,10404,20604,500,1.285009,1.147921,1.754598,2.06032,2.278138,1,288,544,10404,0,0,1,5202500
3,current,merge,17,10404,20604,500,1.285979,1.187756,1.837453,2.190766,2.759842,1,288,544,10404,289,0,1,5202500
3,baseline,reject,9,2916,5724,500,0.318352,0.30949,0.381806,0.435777,0.502521,81,0,144,2916,0,0,0.999999,1498500
3,current,reject,9,2916,5724,500,0.318845,0.302146,0.419176,0.439443,0.618318,81,0,144,2916,81,0,0.999999,1498500
3,baseline,reject,17,10404,20604,500,1.175803,1.106242,1.460798,1.722057,1.986813,289,0,544,10404,0,0,0.999999,5346500
3,current,reject,17,10404,20604,500,1.154512,1.094441,1.443645,1.741232,2.040844,289,0,544,10404,289,0,0.999999,5346500
3,baseline,chain,81,2916,5340,500,0.321488,0.302097,0.43215,0.45887,0.668152,27,54,80,2916,0,0,0.329179,1471500
3,current,chain,81,2916,5340,500,0.347054,0.321452,0.476032,0.610003,1.113026,27,54,80,2916,81,0,0.329179,1471500
3,baseline,chain,289,10404,19068,500,1.207865,1.140727,1.595349,1.873191,2.156802,97,192,288,10404,0,0,0.329178,5250500
3,current,chain,289,10404,19068,500,1.284796,1.222782,1.702009,2.037979,2.567081,97,192,288,10404,289,0,0.329178,5250500
3,baseline,dynamic,1,2760,5344,500,0.296208,0.275677,0.434113,0.51222,0.571371,4.15,0.03,0.03,2759.872,0,0,0.624695,1382011
3,current,dynamic,1,2760,5344,500,0.264131,0.244989,0.37347,0.468728,0.539391,4.15,0.03,0.03,2759.872,3.504,679.408,0.624695,1382011
3,baseline,dynamic,4,11040,21376,500,1.102428,1.023007,1.65435,1.935447,2.442527,16.6,0.12,0.12,11039.872,0,0,0.624695,5528236
3,current,dynamic,4,11040,21376,500,1.05903,1.000926,1.490843,1.722979,1.877639,16.6,0.12,0.12,11039.872,14.106,2537.728,0.624695,5528236
4,current,steady,1,2760,5344,500,0.249255,0.222297,0.348433,0.388217,0.469941,4,0,0,2760,4,0,0.666203,1382000
4,baseline,steady,1,2760,5344,500,0.234846,0.216315,0.340248,0.351739,0.380573,4,0,0,2760,0,0,0.666203,1382000
4,current,steady,4,11040,21376,500,0.936417,0.889858,1.316847,1.446341,1.671643,16,0,0,11040,16,0,0.666203,5528000
4,baseline,steady,4,11040,21376,500,0.956397,0.880961,1.416464,1.594799,1.791337,16,0,0,11040,0,0,0.666203,5528000
4,current,birth,1,2760,5344,500,0.22628,0.211666,0.337092,0.34704,0.36843,0,0,0,0,0,2760,1,0
4,baseline,birth,1,2760,5344,500,0.199498,0.195276,0.219892,0.27752,0.330188,0,0,0,0,0,0,1,0
4,current,birth,4,11040,21376,500,0.942517,0.860001,1.421253,1.604196,1.899009,0,0,0,0,0,11040,1,0
4,baseline,birth,4,11040,21376,500,0.851361,0.808414,1.053394,1.40865,1.741984,0,0,0,0,0,0,1,0
4,current,merge,9,2916,5724,500,0.383505,0.371146,0.446096,0.563485,0.605394,1,80,144,2916,81,0,1,1458500
4,baseline,merge,9,2916,5724,500,0.382445,0.369312,0.466104,0.552926,0.609733,1,80,144,2916,0,0,1,1458500
4,current,merge,17,10404,20604,500,1.308999,1.234875,1.765419,2.191156,2.421858,1,288,544,10404,289,0,1,5202500
4,baseline,merge,17,10404,20604,500,1.355606,1.29673,1.800464,2.194502,2.548254,1,288,544,10404,0,0,1,5202500
4,current,reject,9,2916,5724,500,0.311342,0.300994,0.374362,0.408806,0.484818,81,0,144,2916,81,0,0.999999,1498500
4,baseline,reject,9,2916,5724,500,0.304929,0.295032,0.364182,0.402855,0.426239,81,0,144,2916,0,0,0.999999,1498500
4,current,reject,17,10404,20604,500,1.144921,1.119468,1.304154,1.433676,1.785556,289,0,544,10404,289,0,0.999999,5346500
4,baseline,reject,17,10404,20604,500,1.306982,1.185141,2.092051,2.504002,3.011874,289,0,544,10404,0,0,0.999999,5346500
4,current,chain,81,2916,5340,500,0.34863,0.326893,0.467346,0.590176,0.764112,27,54,80,2916,81,0,0.329179,1471500
4,baseline,chain,81,2916,5340,500,0.325422,0.305823,0.420007,0.505337,0.617016,27,54,80,2916,0,0,0.329179,1471500
4,current,chain,289,10404,19068,500,1.473611,1.352204,2.168794,3.022083,6.205899,97,192,288,10404,289,0,0.329178,5250500
4,baseline,chain,289,10404,19068,500,1.585771,1.427605,2.567681,3.36228,4.510533,97,192,288,10404,0,0,0.329178,5250500
4,current,dynamic,1,2760,5344,500,0.26353,0.244378,0.376445,0.513833,0.745467,4.15,0.03,0.03,2759.872,3.504,679.408,0.624695,1382011
4,baseline,dynamic,1,2760,5344,500,0.271121,0.247293,0.391543,0.493124,0.78428,4.15,0.03,0.03,2759.872,0,0,0.624695,1382011
4,current,dynamic,4,11040,21376,500,1.178345,1.074173,1.754268,2.410878,3.7089,16.6,0.12,0.12,11039.872,14.106,2537.728,0.624695,5528236
4,baseline,dynamic,4,11040,21376,500,1.205311,1.089982,1.797508,2.63085,3.28168,16.6,0.12,0.12,11039.872,0,0,0.624695,5528236
5,baseline,steady,1,2760,5344,500,0.25416,0.238086,0.355366,0.462467,0.64537,4,0,0,2760,0,0,0.666203,1382000
5,current,steady,1,2760,5344,500,0.24265,0.222617,0.342342,0.398747,0.495609,4,0,0,2760,4,0,0.666203,1382000
5,baseline,steady,4,11040,21376,500,1.15691,1.048595,1.693684,2.338963,3.704693,16,0,0,11040,0,0,0.666203,5528000
5,current,steady,4,11040,21376,500,1.229711,1.123184,1.904189,2.35319,2.791461,16,0,0,11040,16,0,0.666203,5528000
5,baseline,birth,1,2760,5344,500,0.218658,0.206016,0.297919,0.356989,0.509354,0,0,0,0,0,0,1,0
5,current,birth,1,2760,5344,500,0.221862,0.211957,0.282248,0.332333,0.46992,0,0,0,0,0,2760,1,0
5,baseline,birth,4,11040,21376,500,1.062748,0.955009,1.639042,2.29951,2.872033,0,0,0,0,0,0,1,0
5,current,birth,4,11040,21376,500,1.220277,1.117694,1.853032,2.469688,2.619418,0,0,0,0,0,11040,1,0
5,baseline,merge,9,2916,5724,500,0.502925,0.438942,0.803405,0.97135,1.200259,1,80,144,2916,0,0,1,1458500
5,current,merge,9,2916,5724,500,0.481244,0.43265,0.740668,0.936264,1.061839,1,80,144,2916,81,0,1,1458500
5,baseline,merge,17,10404,20604,500,1.545979,1.389023,2.312163,2.972611,5.929632,1,288,544,10404,0,0,1,5202500
5,current,merge,17,10404,20604,500,1.710303,1.565364,2.847627,3.454274,3.993234,1,288,544,10404,289,0,1,5202500
5,baseline,reject,9,2916,5724,500,0.396111,0.349855,0.615884,0.774762,0.865973,81,0,144,2916,0,0,0.999999,1498500
5,current,reject,9,2916,5724,500,0.433412,0.420859,0.649377,0.802133,0.990887,81,0,144,2916,81,0,0.999999,1498500
5,baseline,reject,17,10404,20604,500,1.733972,1.630796,2.728925,3.318829,4.152872,289,0,544,10404,0,0,0.999999,5346500
5,current,reject,17,10404,20604,500,1.735691,1.674278,2.656388,3.172997,3.768703,289,0,544,10404,289,0,0.999999,5346500
5,baseline,chain,81,2916,5340,500,0.358599,0.334176,0.502271,0.623548,0.839092,27,54,80,2916,0,0,0.329179,1471500
5,current,chain,81,2916,5340,500,0.396047,0.344936,0.581279,0.713076,0.973575,27,54,80,2916,81,0,0.329179,1471500
5,baseline,chain,289,10404,19068,500,1.639444,1.485544,2.71085,3.889199,6.626768,97,192,288,10404,0,0,0.329178,5250500
5,current,chain,289,10404,19068,500,1.475445,1.358306,2.301022,2.816178,3.498155,97,192,288,10404,289,0,0.329178,5250500
5,baseline,dynamic,1,2760,5344,500,0.273587,0.254877,0.383408,0.473828,0.691947,4.15,0.03,0.03,2759.872,0,0,0.624695,1382011
5,current,dynamic,1,2760,5344,500,0.251515,0.231955,0.356718,0.482985,0.939471,4.15,0.03,0.03,2759.872,3.504,679.408,0.624695,1382011
5,baseline,dynamic,4,11040,21376,500,1.308325,1.226969,1.96349,2.512258,3.437652,16.6,0.12,0.12,11039.872,0,0,0.624695,5528236
5,current,dynamic,4,11040,21376,500,1.166833,1.071568,1.733088,2.168263,2.844991,16.6,0.12,0.12,11039.872,14.106,2537.728,0.624695,5528236
